rank,uid,title,year,venue,url,problem_claimed,actual_mechanism,hidden_assumptions,variables_treated_as_fixed,failure_modes_ignored,what_it_makes_less_novel,what_it_leaves_open
1,doi:10.1109/tcyb.2019.2947532,"Physical Human–Robot Collaboration: Robotic Systems, Learning Methods, Collaborative Strategies, Sensors, and Actuators",2019,IEEE Transactions on Cybernetics,https://doi.org/10.1109/tcyb.2019.2947532,Addresses human-robot collaboration or a neighboring robotics mechanism.,"Prior work usually predicts, ranks, filters, or imitates observed behavior rather than preserving unrealized branches.",The observed outcome is enough to supervise the model.,"Contact mode support, embodiment limits, and deployment perturbations.","Branch collapse, hidden-mode shift, and tail-risk planning failures.",Generic world models and generic uncertainty are crowded.,Collaborative affordance negotiation keeps action-critical alternatives explicit until a physical observation collapses them.
2,doi:10.1109/tmech.2022.3155601,Cooperative Transportation With Mobile Manipulator: A Capability Map-Based Framework for Physical Human–Robot Collaboration,2022,IEEE/ASME Transactions on Mechatronics,https://doi.org/10.1109/tmech.2022.3155601,Addresses human-robot collaboration or a neighboring robotics mechanism.,"Prior work usually predicts, ranks, filters, or imitates observed behavior rather than preserving unrealized branches.",The observed outcome is enough to supervise the model.,"Contact mode support, embodiment limits, and deployment perturbations.","Branch collapse, hidden-mode shift, and tail-risk planning failures.",Generic world models and generic uncertainty are crowded.,Collaborative affordance negotiation keeps action-critical alternatives explicit until a physical observation collapses them.
3,arxiv:2503.06227v1,GAT-Grasp: Gesture-Driven Affordance Transfer for Task-Aware Robotic Grasping,2025,arXiv,http://arxiv.org/abs/2503.06227v1,Addresses human-robot collaboration or a neighboring robotics mechanism.,"Prior work usually predicts, ranks, filters, or imitates observed behavior rather than preserving unrealized branches.",The observed outcome is enough to supervise the model.,"Contact mode support, embodiment limits, and deployment perturbations.","Branch collapse, hidden-mode shift, and tail-risk planning failures.",Generic world models and generic uncertainty are crowded.,Collaborative affordance negotiation keeps action-critical alternatives explicit until a physical observation collapses them.
4,arxiv:2512.00797v1,Transforming Monolithic Foundation Models into Embodied Multi-Agent Architectures for Human-Robot Collaboration,2025,arXiv,http://arxiv.org/abs/2512.00797v1,Addresses human-robot collaboration or a neighboring robotics mechanism.,"Prior work usually predicts, ranks, filters, or imitates observed behavior rather than preserving unrealized branches.",The observed outcome is enough to supervise the model.,"Contact mode support, embodiment limits, and deployment perturbations.","Branch collapse, hidden-mode shift, and tail-risk planning failures.",Generic world models and generic uncertainty are crowded.,Collaborative affordance negotiation keeps action-critical alternatives explicit until a physical observation collapses them.
5,doi:10.1016/j.rcim.2025.103167,Perception-decision-execution coordination mechanism driven dynamic autonomous collaboration method for human-like collaborative robot based on multimodal large language model,2026,Robotics and Computer-Integrated Manufacturing,https://doi.org/10.1016/j.rcim.2025.103167,Addresses human-robot collaboration or a neighboring robotics mechanism.,"Prior work usually predicts, ranks, filters, or imitates observed behavior rather than preserving unrealized branches.",The observed outcome is enough to supervise the model.,"Contact mode support, embodiment limits, and deployment perturbations.","Branch collapse, hidden-mode shift, and tail-risk planning failures.",Generic world models and generic uncertainty are crowded.,Collaborative affordance negotiation keeps action-critical alternatives explicit until a physical observation collapses them.
6,doi:10.1177/02783649211053650,Enabling impedance-based physical human–multi–robot collaboration: Experiments with four torque-controlled manipulators,2022,The International Journal of Robotics Research,https://doi.org/10.1177/02783649211053650,Addresses human-robot collaboration or a neighboring robotics mechanism.,"Prior work usually predicts, ranks, filters, or imitates observed behavior rather than preserving unrealized branches.",The observed outcome is enough to supervise the model.,"Contact mode support, embodiment limits, and deployment perturbations.","Branch collapse, hidden-mode shift, and tail-risk planning failures.",Generic world models and generic uncertainty are crowded.,Collaborative affordance negotiation keeps action-critical alternatives explicit until a physical observation collapses them.
7,doi:10.1109/lra.2025.3632607,Fitts' List Revisited: An Empirical Study on Function Allocation in a Two-Agent Physical Human-Robot Collaborative Position/Force Task,2025,arXiv,http://arxiv.org/abs/2505.04722v2,Addresses human-robot collaboration or a neighboring robotics mechanism.,"Prior work usually predicts, ranks, filters, or imitates observed behavior rather than preserving unrealized branches.",The observed outcome is enough to supervise the model.,"Contact mode support, embodiment limits, and deployment perturbations.","Branch collapse, hidden-mode shift, and tail-risk planning failures.",Generic world models and generic uncertainty are crowded.,Collaborative affordance negotiation keeps action-critical alternatives explicit until a physical observation collapses them.
8,doi:10.1007/s10514-021-10030-9,User intent estimation during robot learning using physical human robot interaction primitives,2022,Autonomous Robots,https://doi.org/10.1007/s10514-021-10030-9,Addresses human-robot collaboration or a neighboring robotics mechanism.,"Prior work usually predicts, ranks, filters, or imitates observed behavior rather than preserving unrealized branches.",The observed outcome is enough to supervise the model.,"Contact mode support, embodiment limits, and deployment perturbations.","Branch collapse, hidden-mode shift, and tail-risk planning failures.",Generic world models and generic uncertainty are crowded.,Collaborative affordance negotiation keeps action-critical alternatives explicit until a physical observation collapses them.
9,doi:10.48550/arxiv.2210.05894,Human-Aware Physical Human-Robot Collaborative Transportation and Manipulation with Multiple Aerial Robots,2022,arXiv (Cornell University),https://doi.org/10.48550/arxiv.2210.05894,Addresses human-robot collaboration or a neighboring robotics mechanism.,"Prior work usually predicts, ranks, filters, or imitates observed behavior rather than preserving unrealized branches.",The observed outcome is enough to supervise the model.,"Contact mode support, embodiment limits, and deployment perturbations.","Branch collapse, hidden-mode shift, and tail-risk planning failures.",Generic world models and generic uncertainty are crowded.,Collaborative affordance negotiation keeps action-critical alternatives explicit until a physical observation collapses them.
10,doi:10.1002/aisy.202100047,Interactive Force Control Based on Multimodal Robot Skin for Physical Human−Robot Collaboration,2022,Advanced Intelligent Systems,https://doi.org/10.1002/aisy.202100047,Addresses human-robot collaboration or a neighboring robotics mechanism.,"Prior work usually predicts, ranks, filters, or imitates observed behavior rather than preserving unrealized branches.",The observed outcome is enough to supervise the model.,"Contact mode support, embodiment limits, and deployment perturbations.","Branch collapse, hidden-mode shift, and tail-risk planning failures.",Generic world models and generic uncertainty are crowded.,Collaborative affordance negotiation keeps action-critical alternatives explicit until a physical observation collapses them.
11,doi:10.1109/lra.2022.3144779,Show Me What You Can Do: Capability Calibration on Reachable Workspace for Human-Robot Collaboration,2021,arXiv,http://arxiv.org/abs/2103.04077v3,Addresses human-robot collaboration or a neighboring robotics mechanism.,"Prior work usually predicts, ranks, filters, or imitates observed behavior rather than preserving unrealized branches.",The observed outcome is enough to supervise the model.,"Contact mode support, embodiment limits, and deployment perturbations.","Branch collapse, hidden-mode shift, and tail-risk planning failures.",Generic world models and generic uncertainty are crowded.,Collaborative affordance negotiation keeps action-critical alternatives explicit until a physical observation collapses them.
12,doi:10.1016/j.rcim.2022.102432,Human–robot collaboration and machine learning: A systematic review of recent research,2022,Robotics and Computer-Integrated Manufacturing,https://doi.org/10.1016/j.rcim.2022.102432,Addresses human-robot collaboration or a neighboring robotics mechanism.,"Prior work usually predicts, ranks, filters, or imitates observed behavior rather than preserving unrealized branches.",The observed outcome is enough to supervise the model.,"Contact mode support, embodiment limits, and deployment perturbations.","Branch collapse, hidden-mode shift, and tail-risk planning failures.",Generic world models and generic uncertainty are crowded.,Collaborative affordance negotiation keeps action-critical alternatives explicit until a physical observation collapses them.
13,doi:10.1108/ir-07-2025-0249,Dynamic human-like motion planning method of human–robot collaboration based on movement primitives and double DQN,2025,Industrial Robot: the international journal of robotics research and application,https://doi.org/10.1108/ir-07-2025-0249,Addresses human-robot collaboration or a neighboring robotics mechanism.,"Prior work usually predicts, ranks, filters, or imitates observed behavior rather than preserving unrealized branches.",The observed outcome is enough to supervise the model.,"Contact mode support, embodiment limits, and deployment perturbations.","Branch collapse, hidden-mode shift, and tail-risk planning failures.",Generic world models and generic uncertainty are crowded.,Collaborative affordance negotiation keeps action-critical alternatives explicit until a physical observation collapses them.
14,doi:10.1109/icra55743.2025.11127335,DTRT: Enhancing Human Intent Estimation and Role Allocation for Physical Human-Robot Collaboration,2025,2025 IEEE International Conference on Robotics and Automation (ICRA),https://doi.org/10.1109/icra55743.2025.11127335,Addresses human-robot collaboration or a neighboring robotics mechanism.,"Prior work usually predicts, ranks, filters, or imitates observed behavior rather than preserving unrealized branches.",The observed outcome is enough to supervise the model.,"Contact mode support, embodiment limits, and deployment perturbations.","Branch collapse, hidden-mode shift, and tail-risk planning failures.",Generic world models and generic uncertainty are crowded.,Collaborative affordance negotiation keeps action-critical alternatives explicit until a physical observation collapses them.
15,doi:10.3390/app12146839,Design of Advanced Human–Robot Collaborative Cells for Personalized Human–Robot Collaborations,2022,Applied Sciences,https://doi.org/10.3390/app12146839,Addresses human-robot collaboration or a neighboring robotics mechanism.,"Prior work usually predicts, ranks, filters, or imitates observed behavior rather than preserving unrealized branches.",The observed outcome is enough to supervise the model.,"Contact mode support, embodiment limits, and deployment perturbations.","Branch collapse, hidden-mode shift, and tail-risk planning failures.",Generic world models and generic uncertainty are crowded.,Collaborative affordance negotiation keeps action-critical alternatives explicit until a physical observation collapses them.
16,doi:10.1109/thms.2018.2883176,Controlling Object Hand-Over in Human–Robot Collaboration Via Natural Wearable Sensing,2018,IEEE Transactions on Human-Machine Systems,https://doi.org/10.1109/thms.2018.2883176,Addresses human-robot collaboration or a neighboring robotics mechanism.,"Prior work usually predicts, ranks, filters, or imitates observed behavior rather than preserving unrealized branches.",The observed outcome is enough to supervise the model.,"Contact mode support, embodiment limits, and deployment perturbations.","Branch collapse, hidden-mode shift, and tail-risk planning failures.",Generic world models and generic uncertainty are crowded.,Collaborative affordance negotiation keeps action-critical alternatives explicit until a physical observation collapses them.
17,doi:10.1504/ijmr.2025.149872,Multimodal human-robot collaboration: advancements and future directions,2025,International Journal of Manufacturing Research,https://doi.org/10.1504/ijmr.2025.149872,Addresses human-robot collaboration or a neighboring robotics mechanism.,"Prior work usually predicts, ranks, filters, or imitates observed behavior rather than preserving unrealized branches.",The observed outcome is enough to supervise the model.,"Contact mode support, embodiment limits, and deployment perturbations.","Branch collapse, hidden-mode shift, and tail-risk planning failures.",Generic world models and generic uncertainty are crowded.,Collaborative affordance negotiation keeps action-critical alternatives explicit until a physical observation collapses them.
18,doi:10.1145/3203305,Planning with Verbal Communication for Human-Robot Collaboration,2018,ACM Transactions on Human-Robot Interaction,https://doi.org/10.1145/3203305,Addresses human-robot collaboration or a neighboring robotics mechanism.,"Prior work usually predicts, ranks, filters, or imitates observed behavior rather than preserving unrealized branches.",The observed outcome is enough to supervise the model.,"Contact mode support, embodiment limits, and deployment perturbations.","Branch collapse, hidden-mode shift, and tail-risk planning failures.",Generic world models and generic uncertainty are crowded.,Collaborative affordance negotiation keeps action-critical alternatives explicit until a physical observation collapses them.
19,doi:10.1109/iros.2018.8593359,Effects of Integrated Intent Recognition and Communication on Human-Robot Collaboration,2018,,https://doi.org/10.1109/iros.2018.8593359,Addresses human-robot collaboration or a neighboring robotics mechanism.,"Prior work usually predicts, ranks, filters, or imitates observed behavior rather than preserving unrealized branches.",The observed outcome is enough to supervise the model.,"Contact mode support, embodiment limits, and deployment perturbations.","Branch collapse, hidden-mode shift, and tail-risk planning failures.",Generic world models and generic uncertainty are crowded.,Collaborative affordance negotiation keeps action-critical alternatives explicit until a physical observation collapses them.
20,doi:10.1109/cts.2016.0071,Relinquishing Manual Control: Collaboration Requires the Capability to Understand Robot Intent,2016,,https://doi.org/10.1109/cts.2016.0071,Addresses human-robot collaboration or a neighboring robotics mechanism.,"Prior work usually predicts, ranks, filters, or imitates observed behavior rather than preserving unrealized branches.",The observed outcome is enough to supervise the model.,"Contact mode support, embodiment limits, and deployment perturbations.","Branch collapse, hidden-mode shift, and tail-risk planning failures.",Generic world models and generic uncertainty are crowded.,Collaborative affordance negotiation keeps action-critical alternatives explicit until a physical observation collapses them.
21,doi:10.3390/robotics9020033,Collection and Analysis of Human Upper Limbs Motion Features for Collaborative Robotic Applications,2020,Robotics,https://doi.org/10.3390/robotics9020033,Addresses human-robot collaboration or a neighboring robotics mechanism.,"Prior work usually predicts, ranks, filters, or imitates observed behavior rather than preserving unrealized branches.",The observed outcome is enough to supervise the model.,"Contact mode support, embodiment limits, and deployment perturbations.","Branch collapse, hidden-mode shift, and tail-risk planning failures.",Generic world models and generic uncertainty are crowded.,Collaborative affordance negotiation keeps action-critical alternatives explicit until a physical observation collapses them.
22,doi:10.1109/tro.2024.3502508,Human-Aware Physical Human-Robot Collaborative Transportation and Manipulation with Multiple Aerial Robots,2022,arXiv,http://arxiv.org/abs/2210.05894v3,Addresses human-robot collaboration or a neighboring robotics mechanism.,"Prior work usually predicts, ranks, filters, or imitates observed behavior rather than preserving unrealized branches.",The observed outcome is enough to supervise the model.,"Contact mode support, embodiment limits, and deployment perturbations.","Branch collapse, hidden-mode shift, and tail-risk planning failures.",Generic world models and generic uncertainty are crowded.,Collaborative affordance negotiation keeps action-critical alternatives explicit until a physical observation collapses them.
23,doi:10.3901/jme.2024.17.297,Affordance Reasoning-based Sequence Planning Manner for Human-robot Collaborative Disassembly,2024,Journal of Mechanical Engineering,https://doi.org/10.3901/jme.2024.17.297,Addresses human-robot collaboration or a neighboring robotics mechanism.,"Prior work usually predicts, ranks, filters, or imitates observed behavior rather than preserving unrealized branches.",The observed outcome is enough to supervise the model.,"Contact mode support, embodiment limits, and deployment perturbations.","Branch collapse, hidden-mode shift, and tail-risk planning failures.",Generic world models and generic uncertainty are crowded.,Collaborative affordance negotiation keeps action-critical alternatives explicit until a physical observation collapses them.
24,doi:10.1108/ir-11-2018-0231,Complexity-based task allocation in human-robot collaborative assembly,2019,Industrial Robot: the international journal of robotics research and application,https://doi.org/10.1108/ir-11-2018-0231,Addresses human-robot collaboration or a neighboring robotics mechanism.,"Prior work usually predicts, ranks, filters, or imitates observed behavior rather than preserving unrealized branches.",The observed outcome is enough to supervise the model.,"Contact mode support, embodiment limits, and deployment perturbations.","Branch collapse, hidden-mode shift, and tail-risk planning failures.",Generic world models and generic uncertainty are crowded.,Collaborative affordance negotiation keeps action-critical alternatives explicit until a physical observation collapses them.
25,doi:10.3390/electronics13061044,Dynamic Affect-Based Motion Planning of a Humanoid Robot for Human-Robot Collaborative Assembly in Manufacturing,2024,Electronics,https://doi.org/10.3390/electronics13061044,Addresses human-robot collaboration or a neighboring robotics mechanism.,"Prior work usually predicts, ranks, filters, or imitates observed behavior rather than preserving unrealized branches.",The observed outcome is enough to supervise the model.,"Contact mode support, embodiment limits, and deployment perturbations.","Branch collapse, hidden-mode shift, and tail-risk planning failures.",Generic world models and generic uncertainty are crowded.,Collaborative affordance negotiation keeps action-critical alternatives explicit until a physical observation collapses them.
26,doi:10.1109/etfa52439.2022.9921623,Improving safety in physical human-robot collaboration via deep metric learning,2022,2022 IEEE 27th International Conference on Emerging Technologies and Factory Automation (ETFA),https://doi.org/10.1109/etfa52439.2022.9921623,Addresses human-robot collaboration or a neighboring robotics mechanism.,"Prior work usually predicts, ranks, filters, or imitates observed behavior rather than preserving unrealized branches.",The observed outcome is enough to supervise the model.,"Contact mode support, embodiment limits, and deployment perturbations.","Branch collapse, hidden-mode shift, and tail-risk planning failures.",Generic world models and generic uncertainty are crowded.,Collaborative affordance negotiation keeps action-critical alternatives explicit until a physical observation collapses them.
27,doi:10.1002/rob.21671,Collaborative Autonomy between High‐level Behaviors and Human Operators for Remote Manipulation Tasks using Different Humanoid Robots,2017,Journal of Field Robotics,https://doi.org/10.1002/rob.21671,Addresses human-robot collaboration or a neighboring robotics mechanism.,"Prior work usually predicts, ranks, filters, or imitates observed behavior rather than preserving unrealized branches.",The observed outcome is enough to supervise the model.,"Contact mode support, embodiment limits, and deployment perturbations.","Branch collapse, hidden-mode shift, and tail-risk planning failures.",Generic world models and generic uncertainty are crowded.,Collaborative affordance negotiation keeps action-critical alternatives explicit until a physical observation collapses them.
28,doi:10.1177/1059712318824697,Affordance-based altruistic robotic architecture for human–robot collaboration,2019,Adaptive Behavior,https://doi.org/10.1177/1059712318824697,Addresses human-robot collaboration or a neighboring robotics mechanism.,"Prior work usually predicts, ranks, filters, or imitates observed behavior rather than preserving unrealized branches.",The observed outcome is enough to supervise the model.,"Contact mode support, embodiment limits, and deployment perturbations.","Branch collapse, hidden-mode shift, and tail-risk planning failures.",Generic world models and generic uncertainty are crowded.,Collaborative affordance negotiation keeps action-critical alternatives explicit until a physical observation collapses them.
29,doi:10.1016/j.rcim.2023.102608,A deep learning-enhanced Digital Twin framework for improving safety and reliability in human–robot collaborative manufacturing,2023,Robotics and Computer-Integrated Manufacturing,https://doi.org/10.1016/j.rcim.2023.102608,Addresses human-robot collaboration or a neighboring robotics mechanism.,"Prior work usually predicts, ranks, filters, or imitates observed behavior rather than preserving unrealized branches.",The observed outcome is enough to supervise the model.,"Contact mode support, embodiment limits, and deployment perturbations.","Branch collapse, hidden-mode shift, and tail-risk planning failures.",Generic world models and generic uncertainty are crowded.,Collaborative affordance negotiation keeps action-critical alternatives explicit until a physical observation collapses them.
30,doi:10.1109/jas.2017.7510760,Cyber-physical-social system between a humanoid robot and a virtual human through a shared platform for adaptive agent ecology,2017,IEEE/CAA Journal of Automatica Sinica,https://doi.org/10.1109/jas.2017.7510760,Addresses human-robot collaboration or a neighboring robotics mechanism.,"Prior work usually predicts, ranks, filters, or imitates observed behavior rather than preserving unrealized branches.",The observed outcome is enough to supervise the model.,"Contact mode support, embodiment limits, and deployment perturbations.","Branch collapse, hidden-mode shift, and tail-risk planning failures.",Generic world models and generic uncertainty are crowded.,Collaborative affordance negotiation keeps action-critical alternatives explicit until a physical observation collapses them.
31,doi:10.1109/lra.2022.3143520,A Dynamic Task Allocation Strategy to Mitigate the Human Physical Fatigue in Collaborative Robotics,2022,IEEE Robotics and Automation Letters,https://doi.org/10.1109/lra.2022.3143520,Addresses human-robot collaboration or a neighboring robotics mechanism.,"Prior work usually predicts, ranks, filters, or imitates observed behavior rather than preserving unrealized branches.",The observed outcome is enough to supervise the model.,"Contact mode support, embodiment limits, and deployment perturbations.","Branch collapse, hidden-mode shift, and tail-risk planning failures.",Generic world models and generic uncertainty are crowded.,Collaborative affordance negotiation keeps action-critical alternatives explicit until a physical observation collapses them.
32,doi:10.1109/icra.2019.8793748,Effect of Mechanical Resistance on Cognitive Conflict in Physical Human-Robot Collaboration,2019,,https://doi.org/10.1109/icra.2019.8793748,Addresses human-robot collaboration or a neighboring robotics mechanism.,"Prior work usually predicts, ranks, filters, or imitates observed behavior rather than preserving unrealized branches.",The observed outcome is enough to supervise the model.,"Contact mode support, embodiment limits, and deployment perturbations.","Branch collapse, hidden-mode shift, and tail-risk planning failures.",Generic world models and generic uncertainty are crowded.,Collaborative affordance negotiation keeps action-critical alternatives explicit until a physical observation collapses them.
33,doi:10.1115/1.4039145,"A Review of Intent Detection, Arbitration, and Communication Aspects of Shared Control for Physical Human–Robot Interaction",2018,Applied Mechanics Reviews,https://doi.org/10.1115/1.4039145,Addresses human-robot collaboration or a neighboring robotics mechanism.,"Prior work usually predicts, ranks, filters, or imitates observed behavior rather than preserving unrealized branches.",The observed outcome is enough to supervise the model.,"Contact mode support, embodiment limits, and deployment perturbations.","Branch collapse, hidden-mode shift, and tail-risk planning failures.",Generic world models and generic uncertainty are crowded.,Collaborative affordance negotiation keeps action-critical alternatives explicit until a physical observation collapses them.
34,doi:10.3390/fire9060233,Intelligent Tunnel Fire Source Characteristic Inversion Technology Based on Large Language Model Multi-Agent Collaboration,2026,Fire,https://doi.org/10.3390/fire9060233,Addresses human-robot collaboration or a neighboring robotics mechanism.,"Prior work usually predicts, ranks, filters, or imitates observed behavior rather than preserving unrealized branches.",The observed outcome is enough to supervise the model.,"Contact mode support, embodiment limits, and deployment perturbations.","Branch collapse, hidden-mode shift, and tail-risk planning failures.",Generic world models and generic uncertainty are crowded.,Collaborative affordance negotiation keeps action-critical alternatives explicit until a physical observation collapses them.
35,doi:10.3390/robotics14020010,Near Time-Optimal Trajectories with ISO Standard Constraints for Human–Robot Collaboration in Fabric Co-Transportation,2025,Robotics,https://doi.org/10.3390/robotics14020010,Addresses human-robot collaboration or a neighboring robotics mechanism.,"Prior work usually predicts, ranks, filters, or imitates observed behavior rather than preserving unrealized branches.",The observed outcome is enough to supervise the model.,"Contact mode support, embodiment limits, and deployment perturbations.","Branch collapse, hidden-mode shift, and tail-risk planning failures.",Generic world models and generic uncertainty are crowded.,Collaborative affordance negotiation keeps action-critical alternatives explicit until a physical observation collapses them.
36,doi:10.1016/j.ergon.2024.103663,A focus on quantitative methods to assess human factors in collaborative robotics,2024,International Journal of Industrial Ergonomics,https://doi.org/10.1016/j.ergon.2024.103663,Addresses human-robot collaboration or a neighboring robotics mechanism.,"Prior work usually predicts, ranks, filters, or imitates observed behavior rather than preserving unrealized branches.",The observed outcome is enough to supervise the model.,"Contact mode support, embodiment limits, and deployment perturbations.","Branch collapse, hidden-mode shift, and tail-risk planning failures.",Generic world models and generic uncertainty are crowded.,Collaborative affordance negotiation keeps action-critical alternatives explicit until a physical observation collapses them.
37,doi:10.1145/3568294.3579978,Collaborative Planning and Negotiation in Human-Robot Teams,2023,Companion of the 2023 ACM/IEEE International Conference on Human-Robot Interaction,https://doi.org/10.1145/3568294.3579978,Addresses human-robot collaboration or a neighboring robotics mechanism.,"Prior work usually predicts, ranks, filters, or imitates observed behavior rather than preserving unrealized branches.",The observed outcome is enough to supervise the model.,"Contact mode support, embodiment limits, and deployment perturbations.","Branch collapse, hidden-mode shift, and tail-risk planning failures.",Generic world models and generic uncertainty are crowded.,Collaborative affordance negotiation keeps action-critical alternatives explicit until a physical observation collapses them.
38,doi:10.1016/j.procs.2022.01.267,A system to improve the physical ergonomics in Human-Robot Collaboration,2022,Procedia Computer Science,https://doi.org/10.1016/j.procs.2022.01.267,Addresses human-robot collaboration or a neighboring robotics mechanism.,"Prior work usually predicts, ranks, filters, or imitates observed behavior rather than preserving unrealized branches.",The observed outcome is enough to supervise the model.,"Contact mode support, embodiment limits, and deployment perturbations.","Branch collapse, hidden-mode shift, and tail-risk planning failures.",Generic world models and generic uncertainty are crowded.,Collaborative affordance negotiation keeps action-critical alternatives explicit until a physical observation collapses them.
39,doi:10.1109/mcs.2020.3019725,Human-in-the-Loop Robot Control for Human-Robot Collaboration: Human Intention Estimation and Safe Trajectory Tracking Control for Collaborative Tasks,2020,IEEE Control Systems,https://doi.org/10.1109/mcs.2020.3019725,Addresses human-robot collaboration or a neighboring robotics mechanism.,"Prior work usually predicts, ranks, filters, or imitates observed behavior rather than preserving unrealized branches.",The observed outcome is enough to supervise the model.,"Contact mode support, embodiment limits, and deployment perturbations.","Branch collapse, hidden-mode shift, and tail-risk planning failures.",Generic world models and generic uncertainty are crowded.,Collaborative affordance negotiation keeps action-critical alternatives explicit until a physical observation collapses them.
40,doi:10.1109/robio.2017.8324507,Hierarchical robot learning for physical collaboration between humans and robots,2017,,https://doi.org/10.1109/robio.2017.8324507,Addresses human-robot collaboration or a neighboring robotics mechanism.,"Prior work usually predicts, ranks, filters, or imitates observed behavior rather than preserving unrealized branches.",The observed outcome is enough to supervise the model.,"Contact mode support, embodiment limits, and deployment perturbations.","Branch collapse, hidden-mode shift, and tail-risk planning failures.",Generic world models and generic uncertainty are crowded.,Collaborative affordance negotiation keeps action-critical alternatives explicit until a physical observation collapses them.
41,doi:10.3390/app112412147,Collaborative Workplace Design: A Knowledge-Based Approach to Promote Human–Robot Collaboration and Multi-Objective Layout Optimization,2021,Applied Sciences,https://doi.org/10.3390/app112412147,Addresses human-robot collaboration or a neighboring robotics mechanism.,"Prior work usually predicts, ranks, filters, or imitates observed behavior rather than preserving unrealized branches.",The observed outcome is enough to supervise the model.,"Contact mode support, embodiment limits, and deployment perturbations.","Branch collapse, hidden-mode shift, and tail-risk planning failures.",Generic world models and generic uncertainty are crowded.,Collaborative affordance negotiation keeps action-critical alternatives explicit until a physical observation collapses them.
42,doi:10.3389/frobt.2022.813907,Ergonomic human-robot collaboration in industry: A review,2023,Frontiers in Robotics and AI,https://doi.org/10.3389/frobt.2022.813907,Addresses human-robot collaboration or a neighboring robotics mechanism.,"Prior work usually predicts, ranks, filters, or imitates observed behavior rather than preserving unrealized branches.",The observed outcome is enough to supervise the model.,"Contact mode support, embodiment limits, and deployment perturbations.","Branch collapse, hidden-mode shift, and tail-risk planning failures.",Generic world models and generic uncertainty are crowded.,Collaborative affordance negotiation keeps action-critical alternatives explicit until a physical observation collapses them.
43,doi:10.1109/icaeca56562.2023.10201120,Industry 5.0: Enhancing Human-Robot Collaboration through Collaborative Robots – A Review,2023,,https://doi.org/10.1109/icaeca56562.2023.10201120,Addresses human-robot collaboration or a neighboring robotics mechanism.,"Prior work usually predicts, ranks, filters, or imitates observed behavior rather than preserving unrealized branches.",The observed outcome is enough to supervise the model.,"Contact mode support, embodiment limits, and deployment perturbations.","Branch collapse, hidden-mode shift, and tail-risk planning failures.",Generic world models and generic uncertainty are crowded.,Collaborative affordance negotiation keeps action-critical alternatives explicit until a physical observation collapses them.
44,doi:10.1016/j.ifacol.2023.10.1772,Adaptive Admittance Control for Safety-Critical Physical Human Robot Collaboration,2023,IFAC-PapersOnLine,https://doi.org/10.1016/j.ifacol.2023.10.1772,Addresses human-robot collaboration or a neighboring robotics mechanism.,"Prior work usually predicts, ranks, filters, or imitates observed behavior rather than preserving unrealized branches.",The observed outcome is enough to supervise the model.,"Contact mode support, embodiment limits, and deployment perturbations.","Branch collapse, hidden-mode shift, and tail-risk planning failures.",Generic world models and generic uncertainty are crowded.,Collaborative affordance negotiation keeps action-critical alternatives explicit until a physical observation collapses them.
45,doi:10.1109/etfa46521.2020.9212100,Effective Human-Robot Collaboration Through Wearable Sensors,2020,,https://doi.org/10.1109/etfa46521.2020.9212100,Addresses human-robot collaboration or a neighboring robotics mechanism.,"Prior work usually predicts, ranks, filters, or imitates observed behavior rather than preserving unrealized branches.",The observed outcome is enough to supervise the model.,"Contact mode support, embodiment limits, and deployment perturbations.","Branch collapse, hidden-mode shift, and tail-risk planning failures.",Generic world models and generic uncertainty are crowded.,Collaborative affordance negotiation keeps action-critical alternatives explicit until a physical observation collapses them.
46,doi:10.21437/glu.2017-17,"Interactive Robot Learning of Gestures, Language and Affordances",2017,arXiv,http://arxiv.org/abs/1711.09055v1,Addresses human-robot collaboration or a neighboring robotics mechanism.,"Prior work usually predicts, ranks, filters, or imitates observed behavior rather than preserving unrealized branches.",The observed outcome is enough to supervise the model.,"Contact mode support, embodiment limits, and deployment perturbations.","Branch collapse, hidden-mode shift, and tail-risk planning failures.",Generic world models and generic uncertainty are crowded.,Collaborative affordance negotiation keeps action-critical alternatives explicit until a physical observation collapses them.
47,doi:10.1145/3472223,Methods for Expressing Robot Intent for Human–Robot Collaboration in Shared Workspaces,2021,ACM Transactions on Human-Robot Interaction,https://doi.org/10.1145/3472223,Addresses human-robot collaboration or a neighboring robotics mechanism.,"Prior work usually predicts, ranks, filters, or imitates observed behavior rather than preserving unrealized branches.",The observed outcome is enough to supervise the model.,"Contact mode support, embodiment limits, and deployment perturbations.","Branch collapse, hidden-mode shift, and tail-risk planning failures.",Generic world models and generic uncertainty are crowded.,Collaborative affordance negotiation keeps action-critical alternatives explicit until a physical observation collapses them.
48,doi:10.1061/9780784483893.132,Worker-in-the-Loop Cyber-Physical System for Safe Human-Robot Collaboration in Construction,2022,Computing in Civil Engineering 2021,https://doi.org/10.1061/9780784483893.132,Addresses human-robot collaboration or a neighboring robotics mechanism.,"Prior work usually predicts, ranks, filters, or imitates observed behavior rather than preserving unrealized branches.",The observed outcome is enough to supervise the model.,"Contact mode support, embodiment limits, and deployment perturbations.","Branch collapse, hidden-mode shift, and tail-risk planning failures.",Generic world models and generic uncertainty are crowded.,Collaborative affordance negotiation keeps action-critical alternatives explicit until a physical observation collapses them.
49,doi:10.1109/iros47612.2022.9981424,Robot Trajectory Adaptation to Optimise the Trade-off between Human Cognitive Ergonomics and Workplace Productivity in Collaborative Tasks,2022,2022 IEEE/RSJ International Conference on Intelligent Robots and Systems (IROS),https://doi.org/10.1109/iros47612.2022.9981424,Addresses human-robot collaboration or a neighboring robotics mechanism.,"Prior work usually predicts, ranks, filters, or imitates observed behavior rather than preserving unrealized branches.",The observed outcome is enough to supervise the model.,"Contact mode support, embodiment limits, and deployment perturbations.","Branch collapse, hidden-mode shift, and tail-risk planning failures.",Generic world models and generic uncertainty are crowded.,Collaborative affordance negotiation keeps action-critical alternatives explicit until a physical observation collapses them.
50,doi:10.1109/cyber59472.2023.10256441,Development of a Teaching-Learning-Prediction-Collaboration Model for Human-Robot Collaborative Tasks,2023,"2023 IEEE 13th International Conference on CYBER Technology in Automation, Control, and Intelligent Systems (CYBER)",https://doi.org/10.1109/cyber59472.2023.10256441,Addresses human-robot collaboration or a neighboring robotics mechanism.,"Prior work usually predicts, ranks, filters, or imitates observed behavior rather than preserving unrealized branches.",The observed outcome is enough to supervise the model.,"Contact mode support, embodiment limits, and deployment perturbations.","Branch collapse, hidden-mode shift, and tail-risk planning failures.",Generic world models and generic uncertainty are crowded.,Collaborative affordance negotiation keeps action-critical alternatives explicit until a physical observation collapses them.
51,doi:10.1109/tcds.2024.3466553,Touch Gesture Recognition-Based Physical Human–Robot Interaction for Collaborative Tasks,2024,IEEE Transactions on Cognitive and Developmental Systems,https://doi.org/10.1109/tcds.2024.3466553,Addresses human-robot collaboration or a neighboring robotics mechanism.,"Prior work usually predicts, ranks, filters, or imitates observed behavior rather than preserving unrealized branches.",The observed outcome is enough to supervise the model.,"Contact mode support, embodiment limits, and deployment perturbations.","Branch collapse, hidden-mode shift, and tail-risk planning failures.",Generic world models and generic uncertainty are crowded.,Collaborative affordance negotiation keeps action-critical alternatives explicit until a physical observation collapses them.
52,doi:10.1016/j.rcim.2017.10.003,A data-driven programming of the human-computer interactions for modeling a collaborative manufacturing system of hypoid gears by considering both geometric and physical performances,2018,Robotics and Computer-Integrated Manufacturing,https://doi.org/10.1016/j.rcim.2017.10.003,Addresses human-robot collaboration or a neighboring robotics mechanism.,"Prior work usually predicts, ranks, filters, or imitates observed behavior rather than preserving unrealized branches.",The observed outcome is enough to supervise the model.,"Contact mode support, embodiment limits, and deployment perturbations.","Branch collapse, hidden-mode shift, and tail-risk planning failures.",Generic world models and generic uncertainty are crowded.,Collaborative affordance negotiation keeps action-critical alternatives explicit until a physical observation collapses them.
53,doi:10.1007/s41693-025-00165-x,Exploring AR-enabled human–robot collaboration (HRC) system for exploratory collaborative assembly tasks,2025,Construction Robotics,https://doi.org/10.1007/s41693-025-00165-x,Addresses human-robot collaboration or a neighboring robotics mechanism.,"Prior work usually predicts, ranks, filters, or imitates observed behavior rather than preserving unrealized branches.",The observed outcome is enough to supervise the model.,"Contact mode support, embodiment limits, and deployment perturbations.","Branch collapse, hidden-mode shift, and tail-risk planning failures.",Generic world models and generic uncertainty are crowded.,Collaborative affordance negotiation keeps action-critical alternatives explicit until a physical observation collapses them.
54,doi:10.1145/3585276,FABRIC: A Framework for the Design and Evaluation of Collaborative Robots with Extended Human Adaptation,2021,arXiv,http://arxiv.org/abs/2104.01976v2,Addresses human-robot collaboration or a neighboring robotics mechanism.,"Prior work usually predicts, ranks, filters, or imitates observed behavior rather than preserving unrealized branches.",The observed outcome is enough to supervise the model.,"Contact mode support, embodiment limits, and deployment perturbations.","Branch collapse, hidden-mode shift, and tail-risk planning failures.",Generic world models and generic uncertainty are crowded.,Collaborative affordance negotiation keeps action-critical alternatives explicit until a physical observation collapses them.
55,doi:10.1115/1.4046577,Evaluation and Optimization of Dual-Arm Robot Path Planning for Human–Robot Collaborative Tasks in Smart Manufacturing Contexts,2021,ASME Letters in Dynamic Systems and Control,https://doi.org/10.1115/1.4046577,Addresses human-robot collaboration or a neighboring robotics mechanism.,"Prior work usually predicts, ranks, filters, or imitates observed behavior rather than preserving unrealized branches.",The observed outcome is enough to supervise the model.,"Contact mode support, embodiment limits, and deployment perturbations.","Branch collapse, hidden-mode shift, and tail-risk planning failures.",Generic world models and generic uncertainty are crowded.,Collaborative affordance negotiation keeps action-critical alternatives explicit until a physical observation collapses them.
56,doi:10.1080/00207543.2022.2039795,Economic and ergonomic performance enhancement in assembly process through multiple collaboration modes between human and robot,2022,International Journal of Production Research,https://doi.org/10.1080/00207543.2022.2039795,Addresses human-robot collaboration or a neighboring robotics mechanism.,"Prior work usually predicts, ranks, filters, or imitates observed behavior rather than preserving unrealized branches.",The observed outcome is enough to supervise the model.,"Contact mode support, embodiment limits, and deployment perturbations.","Branch collapse, hidden-mode shift, and tail-risk planning failures.",Generic world models and generic uncertainty are crowded.,Collaborative affordance negotiation keeps action-critical alternatives explicit until a physical observation collapses them.
57,doi:10.1109/iros45743.2020.9341119,"An Augmented Reality Human-Robot Physical Collaboration Interface Design for Shared, Large-Scale, Labour-Intensive Manufacturing Tasks",2020,,https://doi.org/10.1109/iros45743.2020.9341119,Addresses human-robot collaboration or a neighboring robotics mechanism.,"Prior work usually predicts, ranks, filters, or imitates observed behavior rather than preserving unrealized branches.",The observed outcome is enough to supervise the model.,"Contact mode support, embodiment limits, and deployment perturbations.","Branch collapse, hidden-mode shift, and tail-risk planning failures.",Generic world models and generic uncertainty are crowded.,Collaborative affordance negotiation keeps action-critical alternatives explicit until a physical observation collapses them.
58,doi:10.3390/app16052531,Volumetric Obstacle Avoidance Based on Dynamic Movement Primitives for Robot Path Planning in Human–Robot Collaboration,2026,Applied Sciences,https://doi.org/10.3390/app16052531,Addresses human-robot collaboration or a neighboring robotics mechanism.,"Prior work usually predicts, ranks, filters, or imitates observed behavior rather than preserving unrealized branches.",The observed outcome is enough to supervise the model.,"Contact mode support, embodiment limits, and deployment perturbations.","Branch collapse, hidden-mode shift, and tail-risk planning failures.",Generic world models and generic uncertainty are crowded.,Collaborative affordance negotiation keeps action-critical alternatives explicit until a physical observation collapses them.
59,doi:10.1007/s12369-019-00593-0,"Human–Robot Collaboration Acceptance Model: Development and Comparison for Germany, Japan, China and the USA",2019,International Journal of Social Robotics,https://doi.org/10.1007/s12369-019-00593-0,Addresses human-robot collaboration or a neighboring robotics mechanism.,"Prior work usually predicts, ranks, filters, or imitates observed behavior rather than preserving unrealized branches.",The observed outcome is enough to supervise the model.,"Contact mode support, embodiment limits, and deployment perturbations.","Branch collapse, hidden-mode shift, and tail-risk planning failures.",Generic world models and generic uncertainty are crowded.,Collaborative affordance negotiation keeps action-critical alternatives explicit until a physical observation collapses them.
60,doi:10.1145/3359614,Probabilistic Human Intent Recognition for Shared Autonomy in Assistive Robotics,2020,ACM Transactions on Human-Robot Interaction,https://doi.org/10.1145/3359614,Addresses human-robot collaboration or a neighboring robotics mechanism.,"Prior work usually predicts, ranks, filters, or imitates observed behavior rather than preserving unrealized branches.",The observed outcome is enough to supervise the model.,"Contact mode support, embodiment limits, and deployment perturbations.","Branch collapse, hidden-mode shift, and tail-risk planning failures.",Generic world models and generic uncertainty are crowded.,Collaborative affordance negotiation keeps action-critical alternatives explicit until a physical observation collapses them.
61,doi:10.1177/00187208221077722,Human Robot Collaboration for Enhancing Work Activities,2022,Human Factors The Journal of the Human Factors and Ergonomics Society,https://doi.org/10.1177/00187208221077722,Addresses human-robot collaboration or a neighboring robotics mechanism.,"Prior work usually predicts, ranks, filters, or imitates observed behavior rather than preserving unrealized branches.",The observed outcome is enough to supervise the model.,"Contact mode support, embodiment limits, and deployment perturbations.","Branch collapse, hidden-mode shift, and tail-risk planning failures.",Generic world models and generic uncertainty are crowded.,Collaborative affordance negotiation keeps action-critical alternatives explicit until a physical observation collapses them.
62,doi:10.1016/j.cie.2024.110729,Ergonomic design of Human-Robot collaborative workstation in the Era of Industry 5.0,2024,Computers & Industrial Engineering,https://doi.org/10.1016/j.cie.2024.110729,Addresses human-robot collaboration or a neighboring robotics mechanism.,"Prior work usually predicts, ranks, filters, or imitates observed behavior rather than preserving unrealized branches.",The observed outcome is enough to supervise the model.,"Contact mode support, embodiment limits, and deployment perturbations.","Branch collapse, hidden-mode shift, and tail-risk planning failures.",Generic world models and generic uncertainty are crowded.,Collaborative affordance negotiation keeps action-critical alternatives explicit until a physical observation collapses them.
63,doi:10.3390/robotics14030027,Assessing Safety in Physical Human–Robot Interaction in Industrial Settings: A Systematic Review of Contact Modelling and Impact Measuring Methods,2025,Robotics,https://doi.org/10.3390/robotics14030027,Addresses human-robot collaboration or a neighboring robotics mechanism.,"Prior work usually predicts, ranks, filters, or imitates observed behavior rather than preserving unrealized branches.",The observed outcome is enough to supervise the model.,"Contact mode support, embodiment limits, and deployment perturbations.","Branch collapse, hidden-mode shift, and tail-risk planning failures.",Generic world models and generic uncertainty are crowded.,Collaborative affordance negotiation keeps action-critical alternatives explicit until a physical observation collapses them.
64,doi:10.3389/frobt.2022.943261,Influence of task decision autonomy on physical ergonomics and robot performances in an industrial human–robot collaboration scenario,2022,Frontiers in Robotics and AI,https://doi.org/10.3389/frobt.2022.943261,Addresses human-robot collaboration or a neighboring robotics mechanism.,"Prior work usually predicts, ranks, filters, or imitates observed behavior rather than preserving unrealized branches.",The observed outcome is enough to supervise the model.,"Contact mode support, embodiment limits, and deployment perturbations.","Branch collapse, hidden-mode shift, and tail-risk planning failures.",Generic world models and generic uncertainty are crowded.,Collaborative affordance negotiation keeps action-critical alternatives explicit until a physical observation collapses them.
65,doi:10.5772/9543,Collaboration Planning by Task Analysis in Human-Robot Collaborative Manufacturing System,2010,Advances in Robot Manipulators,https://doi.org/10.5772/9543,Addresses human-robot collaboration or a neighboring robotics mechanism.,"Prior work usually predicts, ranks, filters, or imitates observed behavior rather than preserving unrealized branches.",The observed outcome is enough to supervise the model.,"Contact mode support, embodiment limits, and deployment perturbations.","Branch collapse, hidden-mode shift, and tail-risk planning failures.",Generic world models and generic uncertainty are crowded.,Collaborative affordance negotiation keeps action-critical alternatives explicit until a physical observation collapses them.
66,doi:10.1109/isam.2011.5942335,Triple stereo vision system for safety monitoring of human-robot collaboration in cellular manufacturing,2011,,https://doi.org/10.1109/isam.2011.5942335,Addresses human-robot collaboration or a neighboring robotics mechanism.,"Prior work usually predicts, ranks, filters, or imitates observed behavior rather than preserving unrealized branches.",The observed outcome is enough to supervise the model.,"Contact mode support, embodiment limits, and deployment perturbations.","Branch collapse, hidden-mode shift, and tail-risk planning failures.",Generic world models and generic uncertainty are crowded.,Collaborative affordance negotiation keeps action-critical alternatives explicit until a physical observation collapses them.
67,doi:10.1016/j.mechmachtheory.2022.105025,Coupled dynamic modeling and experimental validation of a collaborative industrial mobile manipulator with human-robot interaction,2022,Mechanism and Machine Theory,https://doi.org/10.1016/j.mechmachtheory.2022.105025,Addresses human-robot collaboration or a neighboring robotics mechanism.,"Prior work usually predicts, ranks, filters, or imitates observed behavior rather than preserving unrealized branches.",The observed outcome is enough to supervise the model.,"Contact mode support, embodiment limits, and deployment perturbations.","Branch collapse, hidden-mode shift, and tail-risk planning failures.",Generic world models and generic uncertainty are crowded.,Collaborative affordance negotiation keeps action-critical alternatives explicit until a physical observation collapses them.
68,doi:10.1016/j.procir.2024.01.041,The Impacts of Industrial Safety on Environmental Sustainability in Human-Robot-Collaboration within Industry 5.0,2024,Procedia CIRP,https://doi.org/10.1016/j.procir.2024.01.041,Addresses human-robot collaboration or a neighboring robotics mechanism.,"Prior work usually predicts, ranks, filters, or imitates observed behavior rather than preserving unrealized branches.",The observed outcome is enough to supervise the model.,"Contact mode support, embodiment limits, and deployment perturbations.","Branch collapse, hidden-mode shift, and tail-risk planning failures.",Generic world models and generic uncertainty are crowded.,Collaborative affordance negotiation keeps action-critical alternatives explicit until a physical observation collapses them.
69,doi:10.1007/s10846-026-02403-y,STL-Based Motion Planning and Uncertainty-Aware Risk Analysis for Human-Robot Collaboration with a Multi-Rotor Aerial Vehicle,2026,Journal of Intelligent & Robotic Systems,https://doi.org/10.1007/s10846-026-02403-y,Addresses human-robot collaboration or a neighboring robotics mechanism.,"Prior work usually predicts, ranks, filters, or imitates observed behavior rather than preserving unrealized branches.",The observed outcome is enough to supervise the model.,"Contact mode support, embodiment limits, and deployment perturbations.","Branch collapse, hidden-mode shift, and tail-risk planning failures.",Generic world models and generic uncertainty are crowded.,Collaborative affordance negotiation keeps action-critical alternatives explicit until a physical observation collapses them.
70,doi:10.3389/frobt.2021.734548,Coordinating Shared Tasks in Human-Robot Collaboration by Commands,2021,Frontiers in Robotics and AI,https://doi.org/10.3389/frobt.2021.734548,Addresses human-robot collaboration or a neighboring robotics mechanism.,"Prior work usually predicts, ranks, filters, or imitates observed behavior rather than preserving unrealized branches.",The observed outcome is enough to supervise the model.,"Contact mode support, embodiment limits, and deployment perturbations.","Branch collapse, hidden-mode shift, and tail-risk planning failures.",Generic world models and generic uncertainty are crowded.,Collaborative affordance negotiation keeps action-critical alternatives explicit until a physical observation collapses them.
71,doi:10.1016/j.promfg.2017.04.011,Capability-based Task Allocation in Human-robot Collaboration,2017,Procedia Manufacturing,https://doi.org/10.1016/j.promfg.2017.04.011,Addresses human-robot collaboration or a neighboring robotics mechanism.,"Prior work usually predicts, ranks, filters, or imitates observed behavior rather than preserving unrealized branches.",The observed outcome is enough to supervise the model.,"Contact mode support, embodiment limits, and deployment perturbations.","Branch collapse, hidden-mode shift, and tail-risk planning failures.",Generic world models and generic uncertainty are crowded.,Collaborative affordance negotiation keeps action-critical alternatives explicit until a physical observation collapses them.
72,doi:10.3233/ais-190535,Mixed-initiative collaboration between a humanoid robot and a virtual human through a common platform for a real-world common task: Evaluation and benchmarking,2019,Journal of Ambient Intelligence and Smart Environments,https://doi.org/10.3233/ais-190535,Addresses human-robot collaboration or a neighboring robotics mechanism.,"Prior work usually predicts, ranks, filters, or imitates observed behavior rather than preserving unrealized branches.",The observed outcome is enough to supervise the model.,"Contact mode support, embodiment limits, and deployment perturbations.","Branch collapse, hidden-mode shift, and tail-risk planning failures.",Generic world models and generic uncertainty are crowded.,Collaborative affordance negotiation keeps action-critical alternatives explicit until a physical observation collapses them.
73,doi:10.3389/frobt.2022.733954,Perception is Only Real When Shared: A Mathematical Model for Collaborative Shared Perception in Human-Robot Interaction,2022,Frontiers in Robotics and AI,https://doi.org/10.3389/frobt.2022.733954,Addresses human-robot collaboration or a neighboring robotics mechanism.,"Prior work usually predicts, ranks, filters, or imitates observed behavior rather than preserving unrealized branches.",The observed outcome is enough to supervise the model.,"Contact mode support, embodiment limits, and deployment perturbations.","Branch collapse, hidden-mode shift, and tail-risk planning failures.",Generic world models and generic uncertainty are crowded.,Collaborative affordance negotiation keeps action-critical alternatives explicit until a physical observation collapses them.
74,doi:10.1016/j.ifacol.2022.04.209,Digital Twin-based Design and Operation of Human-Robot Collaborative Assembly,2022,IFAC-PapersOnLine,https://doi.org/10.1016/j.ifacol.2022.04.209,Addresses human-robot collaboration or a neighboring robotics mechanism.,"Prior work usually predicts, ranks, filters, or imitates observed behavior rather than preserving unrealized branches.",The observed outcome is enough to supervise the model.,"Contact mode support, embodiment limits, and deployment perturbations.","Branch collapse, hidden-mode shift, and tail-risk planning failures.",Generic world models and generic uncertainty are crowded.,Collaborative affordance negotiation keeps action-critical alternatives explicit until a physical observation collapses them.
75,doi:10.1007/s10846-025-02237-0,Hybrid Physics-Infused Deep Learning for Enhanced Real-Time Prediction of Human Upper Limb Movements in Collaborative Robotics,2025,Journal of Intelligent & Robotic Systems,https://doi.org/10.1007/s10846-025-02237-0,Addresses human-robot collaboration or a neighboring robotics mechanism.,"Prior work usually predicts, ranks, filters, or imitates observed behavior rather than preserving unrealized branches.",The observed outcome is enough to supervise the model.,"Contact mode support, embodiment limits, and deployment perturbations.","Branch collapse, hidden-mode shift, and tail-risk planning failures.",Generic world models and generic uncertainty are crowded.,Collaborative affordance negotiation keeps action-critical alternatives explicit until a physical observation collapses them.
76,doi:10.1109/toh.2008.13,Physical Collaboration of Human-Human and Human-Robot Teams,2008,IEEE Transactions on Haptics,https://doi.org/10.1109/toh.2008.13,Addresses human-robot collaboration or a neighboring robotics mechanism.,"Prior work usually predicts, ranks, filters, or imitates observed behavior rather than preserving unrealized branches.",The observed outcome is enough to supervise the model.,"Contact mode support, embodiment limits, and deployment perturbations.","Branch collapse, hidden-mode shift, and tail-risk planning failures.",Generic world models and generic uncertainty are crowded.,Collaborative affordance negotiation keeps action-critical alternatives explicit until a physical observation collapses them.
77,doi:10.4204/eptcs.329.1,How to Formally Model Human in Collaborative Robotics,2020,Electronic Proceedings in Theoretical Computer Science,https://doi.org/10.4204/eptcs.329.1,Addresses human-robot collaboration or a neighboring robotics mechanism.,"Prior work usually predicts, ranks, filters, or imitates observed behavior rather than preserving unrealized branches.",The observed outcome is enough to supervise the model.,"Contact mode support, embodiment limits, and deployment perturbations.","Branch collapse, hidden-mode shift, and tail-risk planning failures.",Generic world models and generic uncertainty are crowded.,Collaborative affordance negotiation keeps action-critical alternatives explicit until a physical observation collapses them.
78,doi:10.1016/j.ifacol.2020.12.2751,Haptic Shared Control for Human-Robot Collaboration: A Game-Theoretical Approach,2020,IFAC-PapersOnLine,https://doi.org/10.1016/j.ifacol.2020.12.2751,Addresses human-robot collaboration or a neighboring robotics mechanism.,"Prior work usually predicts, ranks, filters, or imitates observed behavior rather than preserving unrealized branches.",The observed outcome is enough to supervise the model.,"Contact mode support, embodiment limits, and deployment perturbations.","Branch collapse, hidden-mode shift, and tail-risk planning failures.",Generic world models and generic uncertainty are crowded.,Collaborative affordance negotiation keeps action-critical alternatives explicit until a physical observation collapses them.
79,arxiv:2301.08038v2,A Unified Architecture for Dynamic Role Allocation and Collaborative Task Planning in Mixed Human-Robot Teams,2023,arXiv,http://arxiv.org/abs/2301.08038v2,Addresses human-robot collaboration or a neighboring robotics mechanism.,"Prior work usually predicts, ranks, filters, or imitates observed behavior rather than preserving unrealized branches.",The observed outcome is enough to supervise the model.,"Contact mode support, embodiment limits, and deployment perturbations.","Branch collapse, hidden-mode shift, and tail-risk planning failures.",Generic world models and generic uncertainty are crowded.,Collaborative affordance negotiation keeps action-critical alternatives explicit until a physical observation collapses them.
80,doi:10.1109/iros.2016.7759151,Hybrid force/velocity control for physical human-robot collaboration tasks,2016,2016 IEEE/RSJ International Conference on Intelligent Robots and Systems (IROS),https://doi.org/10.1109/iros.2016.7759151,Addresses human-robot collaboration or a neighboring robotics mechanism.,"Prior work usually predicts, ranks, filters, or imitates observed behavior rather than preserving unrealized branches.",The observed outcome is enough to supervise the model.,"Contact mode support, embodiment limits, and deployment perturbations.","Branch collapse, hidden-mode shift, and tail-risk planning failures.",Generic world models and generic uncertainty are crowded.,Collaborative affordance negotiation keeps action-critical alternatives explicit until a physical observation collapses them.
81,doi:10.1016/j.rineng.2025.105704,"Advancements in AI-enhanced collaborative robotics: towards safer, smarter, and human-centric industrial automation",2025,Results in Engineering,https://doi.org/10.1016/j.rineng.2025.105704,Addresses human-robot collaboration or a neighboring robotics mechanism.,"Prior work usually predicts, ranks, filters, or imitates observed behavior rather than preserving unrealized branches.",The observed outcome is enough to supervise the model.,"Contact mode support, embodiment limits, and deployment perturbations.","Branch collapse, hidden-mode shift, and tail-risk planning failures.",Generic world models and generic uncertainty are crowded.,Collaborative affordance negotiation keeps action-critical alternatives explicit until a physical observation collapses them.
82,doi:10.1002/rob.70025,A Human–Robot Collaboration Control Framework for Supernumerary Robotic Limbs,2026,Journal of Field Robotics,https://doi.org/10.1002/rob.70025,Addresses human-robot collaboration or a neighboring robotics mechanism.,"Prior work usually predicts, ranks, filters, or imitates observed behavior rather than preserving unrealized branches.",The observed outcome is enough to supervise the model.,"Contact mode support, embodiment limits, and deployment perturbations.","Branch collapse, hidden-mode shift, and tail-risk planning failures.",Generic world models and generic uncertainty are crowded.,Collaborative affordance negotiation keeps action-critical alternatives explicit until a physical observation collapses them.
83,doi:10.1088/1742-6596/2832/1/012004,Autonomous Human-Robot Collaborative Assembly Method Driven by the Fusion of Large Language Model and Digital Twin,2024,Journal of Physics: Conference Series,https://doi.org/10.1088/1742-6596/2832/1/012004,Addresses human-robot collaboration or a neighboring robotics mechanism.,"Prior work usually predicts, ranks, filters, or imitates observed behavior rather than preserving unrealized branches.",The observed outcome is enough to supervise the model.,"Contact mode support, embodiment limits, and deployment perturbations.","Branch collapse, hidden-mode shift, and tail-risk planning failures.",Generic world models and generic uncertainty are crowded.,Collaborative affordance negotiation keeps action-critical alternatives explicit until a physical observation collapses them.
84,arxiv:2504.08184v1,Leveraging Passive Compliance of Soft Robotics for Physical Human-Robot Collaborative Manipulation,2025,arXiv,http://arxiv.org/abs/2504.08184v1,Addresses human-robot collaboration or a neighboring robotics mechanism.,"Prior work usually predicts, ranks, filters, or imitates observed behavior rather than preserving unrealized branches.",The observed outcome is enough to supervise the model.,"Contact mode support, embodiment limits, and deployment perturbations.","Branch collapse, hidden-mode shift, and tail-risk planning failures.",Generic world models and generic uncertainty are crowded.,Collaborative affordance negotiation keeps action-critical alternatives explicit until a physical observation collapses them.
85,arxiv:2512.15411v2,MiVLA: Towards Generalizable Vision-Language-Action Model with Human-Robot Mutual Imitation Pre-training,2025,arXiv,http://arxiv.org/abs/2512.15411v2,Addresses human-robot collaboration or a neighboring robotics mechanism.,"Prior work usually predicts, ranks, filters, or imitates observed behavior rather than preserving unrealized branches.",The observed outcome is enough to supervise the model.,"Contact mode support, embodiment limits, and deployment perturbations.","Branch collapse, hidden-mode shift, and tail-risk planning failures.",Generic world models and generic uncertainty are crowded.,Collaborative affordance negotiation keeps action-critical alternatives explicit until a physical observation collapses them.
86,doi:10.1007/s10514-024-10167-3,Simultaneously learning intentions and preferences during physical human-robot cooperation,2024,Autonomous Robots,https://doi.org/10.1007/s10514-024-10167-3,Addresses human-robot collaboration or a neighboring robotics mechanism.,"Prior work usually predicts, ranks, filters, or imitates observed behavior rather than preserving unrealized branches.",The observed outcome is enough to supervise the model.,"Contact mode support, embodiment limits, and deployment perturbations.","Branch collapse, hidden-mode shift, and tail-risk planning failures.",Generic world models and generic uncertainty are crowded.,Collaborative affordance negotiation keeps action-critical alternatives explicit until a physical observation collapses them.
87,doi:10.1016/j.ifacol.2023.01.126,Preference-Based Optimization of a Human-Robot Collaborative Controller,2022,IFAC-PapersOnLine,https://doi.org/10.1016/j.ifacol.2023.01.126,Addresses human-robot collaboration or a neighboring robotics mechanism.,"Prior work usually predicts, ranks, filters, or imitates observed behavior rather than preserving unrealized branches.",The observed outcome is enough to supervise the model.,"Contact mode support, embodiment limits, and deployment perturbations.","Branch collapse, hidden-mode shift, and tail-risk planning failures.",Generic world models and generic uncertainty are crowded.,Collaborative affordance negotiation keeps action-critical alternatives explicit until a physical observation collapses them.
88,doi:10.1016/j.procir.2018.03.033,A cyber-physical context-aware system for coordinating human-robot collaboration,2018,Procedia CIRP,https://doi.org/10.1016/j.procir.2018.03.033,Addresses human-robot collaboration or a neighboring robotics mechanism.,"Prior work usually predicts, ranks, filters, or imitates observed behavior rather than preserving unrealized branches.",The observed outcome is enough to supervise the model.,"Contact mode support, embodiment limits, and deployment perturbations.","Branch collapse, hidden-mode shift, and tail-risk planning failures.",Generic world models and generic uncertainty are crowded.,Collaborative affordance negotiation keeps action-critical alternatives explicit until a physical observation collapses them.
89,doi:10.1109/iros.2013.6697132,A projection-based sensor system for safe physical human-robot collaboration,2013,,https://doi.org/10.1109/iros.2013.6697132,Addresses human-robot collaboration or a neighboring robotics mechanism.,"Prior work usually predicts, ranks, filters, or imitates observed behavior rather than preserving unrealized branches.",The observed outcome is enough to supervise the model.,"Contact mode support, embodiment limits, and deployment perturbations.","Branch collapse, hidden-mode shift, and tail-risk planning failures.",Generic world models and generic uncertainty are crowded.,Collaborative affordance negotiation keeps action-critical alternatives explicit until a physical observation collapses them.
90,arxiv:2106.06781v1,"A Data-Driven Approach for Contact Detection, Classification and Reaction in Physical Human-Robot Collaboration",2021,arXiv,http://arxiv.org/abs/2106.06781v1,Addresses human-robot collaboration or a neighboring robotics mechanism.,"Prior work usually predicts, ranks, filters, or imitates observed behavior rather than preserving unrealized branches.",The observed outcome is enough to supervise the model.,"Contact mode support, embodiment limits, and deployment perturbations.","Branch collapse, hidden-mode shift, and tail-risk planning failures.",Generic world models and generic uncertainty are crowded.,Collaborative affordance negotiation keeps action-critical alternatives explicit until a physical observation collapses them.
91,doi:10.3390/machines14020249,Force Sensing Control for Physical Human–Robot Interaction: A Transformer-Based Action Chunking Approach,2026,Machines,https://doi.org/10.3390/machines14020249,Addresses human-robot collaboration or a neighboring robotics mechanism.,"Prior work usually predicts, ranks, filters, or imitates observed behavior rather than preserving unrealized branches.",The observed outcome is enough to supervise the model.,"Contact mode support, embodiment limits, and deployment perturbations.","Branch collapse, hidden-mode shift, and tail-risk planning failures.",Generic world models and generic uncertainty are crowded.,Collaborative affordance negotiation keeps action-critical alternatives explicit until a physical observation collapses them.
92,doi:10.1145/3744755,A Non-parametric Approach to Exploring and Quantifying the Information Flow in Human–Robot Collaboration,2026,ACM Transactions on Human-Robot Interaction,https://doi.org/10.1145/3744755,Addresses human-robot collaboration or a neighboring robotics mechanism.,"Prior work usually predicts, ranks, filters, or imitates observed behavior rather than preserving unrealized branches.",The observed outcome is enough to supervise the model.,"Contact mode support, embodiment limits, and deployment perturbations.","Branch collapse, hidden-mode shift, and tail-risk planning failures.",Generic world models and generic uncertainty are crowded.,Collaborative affordance negotiation keeps action-critical alternatives explicit until a physical observation collapses them.
93,doi:10.3390/robotics14120174,A Review of Human Intention Recognition Frameworks in Industrial Collaborative Robotics,2025,Robotics,https://doi.org/10.3390/robotics14120174,Addresses human-robot collaboration or a neighboring robotics mechanism.,"Prior work usually predicts, ranks, filters, or imitates observed behavior rather than preserving unrealized branches.",The observed outcome is enough to supervise the model.,"Contact mode support, embodiment limits, and deployment perturbations.","Branch collapse, hidden-mode shift, and tail-risk planning failures.",Generic world models and generic uncertainty are crowded.,Collaborative affordance negotiation keeps action-critical alternatives explicit until a physical observation collapses them.
94,doi:10.20944/preprints202410.1924.v1,Enabling Dynamic Human-Robot Collaboration: A Holistic Framework for Assembly Planning,,,https://doi.org/10.20944/preprints202410.1924.v1,Addresses human-robot collaboration or a neighboring robotics mechanism.,"Prior work usually predicts, ranks, filters, or imitates observed behavior rather than preserving unrealized branches.",The observed outcome is enough to supervise the model.,"Contact mode support, embodiment limits, and deployment perturbations.","Branch collapse, hidden-mode shift, and tail-risk planning failures.",Generic world models and generic uncertainty are crowded.,Collaborative affordance negotiation keeps action-critical alternatives explicit until a physical observation collapses them.
95,doi:10.3389/frobt.2024.1342130,"Integrating collaborative robots in manufacturing, logistics, and agriculture: Expert perspectives on technical, safety, and human factors",2024,Frontiers in Robotics and AI,https://doi.org/10.3389/frobt.2024.1342130,Addresses human-robot collaboration or a neighboring robotics mechanism.,"Prior work usually predicts, ranks, filters, or imitates observed behavior rather than preserving unrealized branches.",The observed outcome is enough to supervise the model.,"Contact mode support, embodiment limits, and deployment perturbations.","Branch collapse, hidden-mode shift, and tail-risk planning failures.",Generic world models and generic uncertainty are crowded.,Collaborative affordance negotiation keeps action-critical alternatives explicit until a physical observation collapses them.
96,doi:10.1016/j.rcim.2021.102304,Vision-based holistic scene understanding towards proactive human–robot collaboration,2022,Robotics and Computer-Integrated Manufacturing,https://doi.org/10.1016/j.rcim.2021.102304,Addresses human-robot collaboration or a neighboring robotics mechanism.,"Prior work usually predicts, ranks, filters, or imitates observed behavior rather than preserving unrealized branches.",The observed outcome is enough to supervise the model.,"Contact mode support, embodiment limits, and deployment perturbations.","Branch collapse, hidden-mode shift, and tail-risk planning failures.",Generic world models and generic uncertainty are crowded.,Collaborative affordance negotiation keeps action-critical alternatives explicit until a physical observation collapses them.
97,doi:10.1016/j.ifacol.2019.11.204,Predicting and preventing mistakes in human-robot collaborative assembly,2019,IFAC-PapersOnLine,https://doi.org/10.1016/j.ifacol.2019.11.204,Addresses human-robot collaboration or a neighboring robotics mechanism.,"Prior work usually predicts, ranks, filters, or imitates observed behavior rather than preserving unrealized branches.",The observed outcome is enough to supervise the model.,"Contact mode support, embodiment limits, and deployment perturbations.","Branch collapse, hidden-mode shift, and tail-risk planning failures.",Generic world models and generic uncertainty are crowded.,Collaborative affordance negotiation keeps action-critical alternatives explicit until a physical observation collapses them.
98,doi:10.3390/machines10090818,A Novel Sliding Mode Momentum Observer for Collaborative Robot Collision Detection,2022,Machines,https://doi.org/10.3390/machines10090818,Addresses human-robot collaboration or a neighboring robotics mechanism.,"Prior work usually predicts, ranks, filters, or imitates observed behavior rather than preserving unrealized branches.",The observed outcome is enough to supervise the model.,"Contact mode support, embodiment limits, and deployment perturbations.","Branch collapse, hidden-mode shift, and tail-risk planning failures.",Generic world models and generic uncertainty are crowded.,Collaborative affordance negotiation keeps action-critical alternatives explicit until a physical observation collapses them.
99,doi:10.1109/iros47612.2022.9981122,GoferBot: A Visual Guided Human-Robot Collaborative Assembly System,2022,2022 IEEE/RSJ International Conference on Intelligent Robots and Systems (IROS),https://doi.org/10.1109/iros47612.2022.9981122,Addresses human-robot collaboration or a neighboring robotics mechanism.,"Prior work usually predicts, ranks, filters, or imitates observed behavior rather than preserving unrealized branches.",The observed outcome is enough to supervise the model.,"Contact mode support, embodiment limits, and deployment perturbations.","Branch collapse, hidden-mode shift, and tail-risk planning failures.",Generic world models and generic uncertainty are crowded.,Collaborative affordance negotiation keeps action-critical alternatives explicit until a physical observation collapses them.
100,doi:10.1109/iros.2018.8593942,Situated Human–Robot Collaboration: predicting intent from grounded natural language,2018,,https://doi.org/10.1109/iros.2018.8593942,Addresses human-robot collaboration or a neighboring robotics mechanism.,"Prior work usually predicts, ranks, filters, or imitates observed behavior rather than preserving unrealized branches.",The observed outcome is enough to supervise the model.,"Contact mode support, embodiment limits, and deployment perturbations.","Branch collapse, hidden-mode shift, and tail-risk planning failures.",Generic world models and generic uncertainty are crowded.,Collaborative affordance negotiation keeps action-critical alternatives explicit until a physical observation collapses them.
